{
  "type": "effect_on_condition",
  "id": "EOC_SLEEP_HALLUCINATIONS",
  "recurrence": [
    "1 hours",
    "3 hours"
  ],
  "condition": {
    "and": [ { "u_has_trait": "sleep_par" }, { "u_has_effect": "sleep" }, { "x_in_y_chance": { "x": 1, "y": 2 } } ]
  },
  "effect": [
    {
      "run_eocs": {
        "id": "EOC_SLEEP_HALLUCINATION_ATTACKS",
        "effect": [
          { "arithmetic": [ { "u_val": "pain" }, "=", { "const": 5 } ] },
            {"u_spawn_monster": "GROUP_YOUR_FEARS",
            "group": true,
            "real_count": 0,
            "hallucination_count": { "arithmetic": [ { "const": 1 }, "+", { "rand": 2 } ] },
            "outdoor_only": false,
            "min_radius": 1,
            "max_radius": 4,
            "lifespan": [ "1 hours", "4 hours" ]
          }
        ]
      }
    }
  ]
}